position_hg19	position_GRCh38
41276135	43124118
41276135	43124118
41276135	43124118
41276134	43124117
41276134	43124117
41276134	43124117
41276133	43124116
41276133	43124116
41276133	43124116
41276132	43124115
41276132	43124115
41276132	43124115
41276131	43124114
41276131	43124114
41276131	43124114
41276130	43124113
41276130	43124113
41276130	43124113
41276129	43124112
41276129	43124112
41276129	43124112
41276128	43124111
41276128	43124111
41276127	43124110
41276127	43124110
41276127	43124110
41276126	43124109
41276126	43124109
41276126	43124109
41276125	43124108
41276125	43124108
41276125	43124108
41276124	43124107
41276124	43124107
41276124	43124107
41276123	43124106
41276123	43124106
41276123	43124106
41276122	43124105
41276122	43124105
41276122	43124105
41276121	43124104
41276121	43124104
41276121	43124104
41276120	43124103
41276120	43124103
41276120	43124103
41276119	43124102
41276119	43124102
41276119	43124102
41276118	43124101
41276118	43124101
41276118	43124101
41276117	43124100
41276117	43124100
41276117	43124100
41276116	43124099
41276116	43124099
41276116	43124099
41276115	43124098
41276115	43124098
41276115	43124098
41276114	43124097
41276114	43124097
41276114	43124097
41276113	43124096
41276113	43124096
41276113	43124096
41276112	43124095
41276112	43124095
41276112	43124095
41276111	43124094
41276111	43124094
41276111	43124094
41276110	43124093
41276110	43124093
41276110	43124093
41276109	43124092
41276109	43124092
41276109	43124092
41276108	43124091
41276108	43124091
41276108	43124091
41276107	43124090
41276107	43124090
41276107	43124090
41276106	43124089
41276106	43124089
41276106	43124089
41276105	43124088
41276105	43124088
41276105	43124088
41276104	43124087
41276104	43124087
41276104	43124087
41276103	43124086
41276103	43124086
41276103	43124086
41276102	43124085
41276102	43124085
41276102	43124085
41276101	43124084
41276101	43124084
41276101	43124084
41276100	43124083
41276100	43124083
41276100	43124083
41276099	43124082
41276099	43124082
41276099	43124082
41276098	43124081
41276098	43124081
41276098	43124081
41276097	43124080
41276097	43124080
41276097	43124080
41276096	43124079
41276096	43124079
41276096	43124079
41276095	43124078
41276095	43124078
41276095	43124078
41276094	43124077
41276094	43124077
41276094	43124077
41276093	43124076
41276093	43124076
41276093	43124076
41276092	43124075
41276092	43124075
41276092	43124075
41276091	43124074
41276091	43124074
41276091	43124074
41276090	43124073
41276090	43124073
41276090	43124073
41276089	43124072
41276089	43124072
41276089	43124072
41276088	43124071
41276088	43124071
41276088	43124071
41276087	43124070
41276087	43124070
41276087	43124070
41276086	43124069
41276086	43124069
41276086	43124069
41276085	43124068
41276085	43124068
41276085	43124068
41276084	43124067
41276084	43124067
41276084	43124067
41276083	43124066
41276083	43124066
41276083	43124066
41276082	43124065
41276082	43124065
41276082	43124065
41276081	43124064
41276081	43124064
41276081	43124064
41276080	43124063
41276080	43124063
41276080	43124063
41276079	43124062
41276079	43124062
41276079	43124062
41276078	43124061
41276078	43124061
41276078	43124061
41276077	43124060
41276077	43124060
41276077	43124060
41276076	43124059
41276076	43124059
41276076	43124059
41276075	43124058
41276075	43124058
41276075	43124058
41276074	43124057
41276074	43124057
41276074	43124057
41276073	43124056
41276073	43124056
41276073	43124056
41276072	43124055
41276072	43124055
41276072	43124055
41276071	43124054
41276071	43124054
41276071	43124054
41276070	43124053
41276070	43124053
41276070	43124053
41276069	43124052
41276069	43124052
41276069	43124052
41276068	43124051
41276068	43124051
41276068	43124051
41276067	43124050
41276067	43124050
41276067	43124050
41276066	43124049
41276066	43124049
41276066	43124049
41276065	43124048
41276065	43124048
41276065	43124048
41276064	43124047
41276064	43124047
41276064	43124047
41276063	43124046
41276063	43124046
41276063	43124046
41276062	43124045
41276062	43124045
41276062	43124045
41276061	43124044
41276061	43124044
41276061	43124044
41276060	43124043
41276060	43124043
41276060	43124043
41276059	43124042
41276059	43124042
41276059	43124042
41276058	43124041
41276058	43124041
41276058	43124041
41276057	43124040
41276057	43124040
41276057	43124040
41276056	43124039
41276056	43124039
41276056	43124039
41276055	43124038
41276055	43124038
41276055	43124038
41276054	43124037
41276054	43124037
41276054	43124037
41276053	43124036
41276053	43124036
41276053	43124036
41276052	43124035
41276052	43124035
41276052	43124035
41276051	43124034
41276051	43124034
41276051	43124034
41276050	43124033
41276050	43124033
41276050	43124033
41276049	43124032
41276049	43124032
41276049	43124032
41276048	43124031
41276048	43124031
41276048	43124031
41276047	43124030
41276047	43124030
41276047	43124030
41276046	43124029
41276046	43124029
41276046	43124029
41276045	43124028
41276045	43124028
41276045	43124028
41276044	43124027
41276044	43124027
41276044	43124027
41276043	43124026
41276043	43124026
41276043	43124026
41276042	43124025
41276042	43124025
41276042	43124025
41276041	43124024
41276041	43124024
41276041	43124024
41276040	43124023
41276040	43124023
41276038	43124021
41276038	43124021
41276037	43124020
41276037	43124020
41276037	43124020
41276036	43124019
41276036	43124019
41276036	43124019
41276035	43124018
41276035	43124018
41276035	43124018
41276034	43124017
41276034	43124017
41276034	43124017
41276033	43124016
41276033	43124016
41276033	43124016
41276032	43124015
41276032	43124015
41276032	43124015
41276031	43124014
41276031	43124014
41276031	43124014
41276030	43124013
41276030	43124013
41276030	43124013
41267819	43115802
41267819	43115802
41267819	43115802
41267818	43115801
41267818	43115801
41267818	43115801
41267817	43115800
41267817	43115800
41267817	43115800
41267816	43115799
41267816	43115799
41267816	43115799
41267815	43115798
41267815	43115798
41267815	43115798
41267814	43115797
41267814	43115797
41267814	43115797
41267813	43115796
41267813	43115796
41267813	43115796
41267812	43115795
41267812	43115795
41267812	43115795
41267811	43115794
41267811	43115794
41267811	43115794
41267810	43115793
41267810	43115793
41267810	43115793
41267809	43115792
41267809	43115792
41267809	43115792
41267808	43115791
41267808	43115791
41267808	43115791
41267807	43115790
41267807	43115790
41267807	43115790
41267806	43115789
41267806	43115789
41267806	43115789
41267805	43115788
41267805	43115788
41267805	43115788
41267804	43115787
41267804	43115787
41267804	43115787
41267803	43115786
41267803	43115786
41267803	43115786
41267802	43115785
41267802	43115785
41267802	43115785
41267801	43115784
41267801	43115784
41267801	43115784
41267800	43115783
41267800	43115783
41267800	43115783
41267799	43115782
41267799	43115782
41267799	43115782
41267798	43115781
41267798	43115781
41267798	43115781
41267797	43115780
41267797	43115780
41267797	43115780
41267796	43115779
41267796	43115779
41267796	43115779
41267795	43115778
41267795	43115778
41267795	43115778
41267794	43115777
41267794	43115777
41267794	43115777
41267793	43115776
41267793	43115776
41267793	43115776
41267792	43115775
41267792	43115775
41267792	43115775
41267791	43115774
41267791	43115774
41267791	43115774
41267790	43115773
41267790	43115773
41267790	43115773
41267789	43115772
41267789	43115772
41267789	43115772
41267788	43115771
41267788	43115771
41267788	43115771
41267787	43115770
41267787	43115770
41267787	43115770
41267786	43115769
41267786	43115769
41267786	43115769
41267785	43115768
41267785	43115768
41267785	43115768
41267784	43115767
41267784	43115767
41267784	43115767
41267783	43115766
41267783	43115766
41267783	43115766
41267782	43115765
41267782	43115765
41267782	43115765
41267781	43115764
41267781	43115764
41267781	43115764
41267780	43115763
41267780	43115763
41267780	43115763
41267779	43115762
41267779	43115762
41267779	43115762
41267778	43115761
41267778	43115761
41267778	43115761
41267777	43115760
41267777	43115760
41267777	43115760
41267776	43115759
41267776	43115759
41267776	43115759
41267775	43115758
41267775	43115758
41267775	43115758
41267774	43115757
41267774	43115757
41267774	43115757
41267773	43115756
41267773	43115756
41267773	43115756
41267772	43115755
41267772	43115755
41267772	43115755
41267771	43115754
41267771	43115754
41267768	43115751
41267768	43115751
41267768	43115751
41267767	43115750
41267767	43115750
41267767	43115750
41267766	43115749
41267766	43115749
41267766	43115749
41267765	43115748
41267765	43115748
41267765	43115748
41267764	43115747
41267764	43115747
41267764	43115747
41267763	43115746
41267763	43115746
41267763	43115746
41267762	43115745
41267762	43115745
41267762	43115745
41267761	43115744
41267761	43115744
41267761	43115744
41267760	43115743
41267760	43115743
41267760	43115743
41267759	43115742
41267759	43115742
41267759	43115742
41267758	43115741
41267758	43115741
41267758	43115741
41267757	43115740
41267757	43115740
41267757	43115740
41267756	43115739
41267756	43115739
41267756	43115739
41267755	43115738
41267755	43115738
41267755	43115738
41267754	43115737
41267754	43115737
41267754	43115737
41267753	43115736
41267753	43115736
41267753	43115736
41267752	43115735
41267752	43115735
41267752	43115735
41267751	43115734
41267751	43115734
41267751	43115734
41267750	43115733
41267750	43115733
41267750	43115733
41267749	43115732
41267749	43115732
41267749	43115732
41267748	43115731
41267748	43115731
41267748	43115731
41267747	43115730
41267747	43115730
41267747	43115730
41267746	43115729
41267746	43115729
41267746	43115729
41267745	43115728
41267745	43115728
41267745	43115728
41267744	43115727
41267744	43115727
41267744	43115727
41267743	43115726
41267743	43115726
41267743	43115726
41267742	43115725
41267742	43115725
41267742	43115725
41267741	43115724
41267741	43115724
41267741	43115724
41267740	43115723
41267740	43115723
41267740	43115723
41267739	43115722
41267739	43115722
41267739	43115722
41267738	43115721
41267738	43115721
41267738	43115721
41267737	43115720
41267737	43115720
41267737	43115720
41267736	43115719
41267736	43115719
41267736	43115719
41267735	43115718
41267735	43115718
41267735	43115718
41267734	43115717
41267734	43115717
41267734	43115717
41267733	43115716
41267733	43115716
41267733	43115716
41267732	43115715
41267732	43115715
41267732	43115715
41267731	43115714
41267731	43115714
41267731	43115714
41267730	43115713
41267730	43115713
41267730	43115713
41267729	43115712
41267729	43115712
41267729	43115712
41267728	43115711
41267728	43115711
41267728	43115711
41267727	43115710
41267727	43115710
41267727	43115710
41267726	43115709
41267726	43115709
41267726	43115709
41267725	43115708
41267725	43115708
41267725	43115708
41267724	43115707
41267724	43115707
41267724	43115707
41267723	43115706
41267723	43115706
41267723	43115706
41267722	43115705
41267722	43115705
41267722	43115705
41267721	43115704
41267721	43115704
41267721	43115704
41267720	43115703
41267720	43115703
41258562	43106545
41258562	43106545
41258562	43106545
41258561	43106544
41258561	43106544
41258561	43106544
41258560	43106543
41258560	43106543
41258560	43106543
41258559	43106542
41258559	43106542
41258559	43106542
41258558	43106541
41258558	43106541
41258558	43106541
41258557	43106540
41258557	43106540
41258557	43106540
41258556	43106539
41258556	43106539
41258556	43106539
41258555	43106538
41258555	43106538
41258555	43106538
41258554	43106537
41258554	43106537
41258554	43106537
41258553	43106536
41258553	43106536
41258553	43106536
41258552	43106535
41258552	43106535
41258552	43106535
41258551	43106534
41258551	43106534
41258551	43106534
41258550	43106533
41258550	43106533
41258550	43106533
41258549	43106532
41258549	43106532
41258549	43106532
41258548	43106531
41258548	43106531
41258548	43106531
41258547	43106530
41258547	43106530
41258547	43106530
41258546	43106529
41258546	43106529
41258546	43106529
41258545	43106528
41258545	43106528
41258545	43106528
41258544	43106527
41258544	43106527
41258544	43106527
41258543	43106526
41258543	43106526
41258543	43106526
41258542	43106525
41258542	43106525
41258542	43106525
41258541	43106524
41258541	43106524
41258541	43106524
41258540	43106523
41258540	43106523
41258540	43106523
41258539	43106522
41258539	43106522
41258539	43106522
41258538	43106521
41258538	43106521
41258538	43106521
41258537	43106520
41258537	43106520
41258537	43106520
41258536	43106519
41258536	43106519
41258536	43106519
41258535	43106518
41258535	43106518
41258535	43106518
41258534	43106517
41258534	43106517
41258534	43106517
41258533	43106516
41258533	43106516
41258533	43106516
41258532	43106515
41258532	43106515
41258532	43106515
41258531	43106514
41258531	43106514
41258531	43106514
41258530	43106513
41258530	43106513
41258530	43106513
41258529	43106512
41258529	43106512
41258529	43106512
41258528	43106511
41258528	43106511
41258528	43106511
41258527	43106510
41258527	43106510
41258527	43106510
41258526	43106509
41258526	43106509
41258526	43106509
41258525	43106508
41258525	43106508
41258525	43106508
41258524	43106507
41258524	43106507
41258524	43106507
41258523	43106506
41258523	43106506
41258523	43106506
41258522	43106505
41258522	43106505
41258522	43106505
41258521	43106504
41258521	43106504
41258521	43106504
41258520	43106503
41258520	43106503
41258520	43106503
41258519	43106502
41258519	43106502
41258519	43106502
41258518	43106501
41258518	43106501
41258518	43106501
41258517	43106500
41258517	43106500
41258517	43106500
41258516	43106499
41258515	43106498
41258515	43106498
41258513	43106496
41258513	43106496
41258512	43106495
41258512	43106495
41258512	43106495
41258511	43106494
41258511	43106494
41258511	43106494
41258510	43106493
41258510	43106493
41258510	43106493
41258509	43106492
41258509	43106492
41258509	43106492
41258508	43106491
41258508	43106491
41258508	43106491
41258507	43106490
41258507	43106490
41258507	43106490
41258506	43106489
41258506	43106489
41258506	43106489
41258505	43106488
41258505	43106488
41258505	43106488
41258504	43106487
41258504	43106487
41258504	43106487
41258503	43106486
41258503	43106486
41258503	43106486
41258502	43106485
41258502	43106485
41258502	43106485
41258501	43106484
41258501	43106484
41258501	43106484
41258500	43106483
41258500	43106483
41258500	43106483
41258499	43106482
41258499	43106482
41258499	43106482
41258498	43106481
41258498	43106481
41258498	43106481
41258497	43106480
41258497	43106480
41258497	43106480
41258496	43106479
41258496	43106479
41258496	43106479
41258495	43106478
41258495	43106478
41258495	43106478
41258494	43106477
41258494	43106477
41258494	43106477
41258493	43106476
41258493	43106476
41258493	43106476
41258492	43106475
41258492	43106475
41258492	43106475
41258491	43106474
41258491	43106474
41258491	43106474
41258490	43106473
41258490	43106473
41258490	43106473
41258489	43106472
41258489	43106472
41258489	43106472
41258488	43106471
41258488	43106471
41258488	43106471
41258487	43106470
41258487	43106470
41258487	43106470
41258486	43106469
41258486	43106469
41258486	43106469
41258485	43106468
41258485	43106468
41258485	43106468
41258484	43106467
41258484	43106467
41258484	43106467
41258483	43106466
41258483	43106466
41258483	43106466
41258482	43106465
41258482	43106465
41258482	43106465
41258481	43106464
41258481	43106464
41258481	43106464
41258480	43106463
41258480	43106463
41258480	43106463
41258479	43106462
41258479	43106462
41258479	43106462
41258478	43106461
41258478	43106461
41258478	43106461
41258477	43106460
41258477	43106460
41258477	43106460
41258476	43106459
41258476	43106459
41258476	43106459
41258475	43106458
41258475	43106458
41258475	43106458
41258474	43106457
41258474	43106457
41258474	43106457
41258473	43106456
41258473	43106456
41258473	43106456
41258472	43106455
41258472	43106455
41258472	43106455
41258471	43106454
41258471	43106454
41258471	43106454
41258470	43106453
41258470	43106453
41258470	43106453
41258469	43106452
41258469	43106452
41258469	43106452
41258468	43106451
41258468	43106451
41258468	43106451
41258467	43106450
41258467	43106450
41258467	43106450
41258466	43106449
41258466	43106449
41258466	43106449
41258465	43106448
41258465	43106448
41258465	43106448
41258464	43106447
41258464	43106447
41258464	43106447
41258463	43106446
41258463	43106446
41258463	43106446
41256983	43104966
41256983	43104966
41256983	43104966
41256982	43104965
41256982	43104965
41256982	43104965
41256981	43104964
41256981	43104964
41256981	43104964
41256980	43104963
41256980	43104963
41256980	43104963
41256979	43104962
41256979	43104962
41256979	43104962
41256978	43104961
41256978	43104961
41256978	43104961
41256977	43104960
41256977	43104960
41256977	43104960
41256976	43104959
41256976	43104959
41256976	43104959
41256975	43104958
41256975	43104958
41256975	43104958
41256974	43104957
41256974	43104957
41256974	43104957
41256973	43104956
41256973	43104956
41256973	43104956
41256972	43104955
41256972	43104955
41256972	43104955
41256971	43104954
41256971	43104954
41256971	43104954
41256970	43104953
41256970	43104953
41256970	43104953
41256969	43104952
41256969	43104952
41256968	43104951
41256968	43104951
41256968	43104951
41256967	43104950
41256967	43104950
41256967	43104950
41256966	43104949
41256966	43104949
41256966	43104949
41256965	43104948
41256965	43104948
41256965	43104948
41256964	43104947
41256964	43104947
41256963	43104946
41256963	43104946
41256963	43104946
41256962	43104945
41256962	43104945
41256961	43104944
41256961	43104944
41256961	43104944
41256960	43104943
41256960	43104943
41256960	43104943
41256959	43104942
41256959	43104942
41256959	43104942
41256958	43104941
41256958	43104941
41256957	43104940
41256957	43104940
41256957	43104940
41256956	43104939
41256956	43104939
41256956	43104939
41256955	43104938
41256955	43104938
41256954	43104937
41256954	43104937
41256954	43104937
41256953	43104936
41256953	43104936
41256953	43104936
41256952	43104935
41256952	43104935
41256952	43104935
41256951	43104934
41256951	43104934
41256950	43104933
41256950	43104933
41256950	43104933
41256949	43104932
41256949	43104932
41256949	43104932
41256948	43104931
41256948	43104931
41256948	43104931
41256947	43104930
41256947	43104930
41256947	43104930
41256946	43104929
41256946	43104929
41256946	43104929
41256945	43104928
41256945	43104928
41256945	43104928
41256944	43104927
41256944	43104927
41256944	43104927
41256943	43104926
41256943	43104926
41256943	43104926
41256942	43104925
41256942	43104925
41256942	43104925
41256941	43104924
41256941	43104924
41256941	43104924
41256940	43104923
41256940	43104923
41256940	43104923
41256939	43104922
41256939	43104922
41256939	43104922
41256938	43104921
41256938	43104921
41256937	43104920
41256937	43104920
41256937	43104920
41256936	43104919
41256936	43104919
41256936	43104919
41256935	43104918
41256935	43104918
41256935	43104918
41256934	43104917
41256934	43104917
41256934	43104917
41256933	43104916
41256933	43104916
41256933	43104916
41256932	43104915
41256932	43104915
41256932	43104915
41256931	43104914
41256931	43104914
41256931	43104914
41256930	43104913
41256930	43104913
41256930	43104913
41256929	43104912
41256929	43104912
41256929	43104912
41256928	43104911
41256928	43104911
41256928	43104911
41256927	43104910
41256927	43104910
41256927	43104910
41256926	43104909
41256926	43104909
41256926	43104909
41256925	43104908
41256925	43104908
41256925	43104908
41256924	43104907
41256924	43104907
41256924	43104907
41256923	43104906
41256923	43104906
41256922	43104905
41256922	43104905
41256922	43104905
41256921	43104904
41256921	43104904
41256921	43104904
41256920	43104903
41256920	43104903
41256920	43104903
41256919	43104902
41256919	43104902
41256919	43104902
41256918	43104901
41256918	43104901
41256918	43104901
41256917	43104900
41256917	43104900
41256917	43104900
41256916	43104899
41256916	43104899
41256916	43104899
41256915	43104898
41256915	43104898
41256915	43104898
41256914	43104897
41256914	43104897
41256914	43104897
41256913	43104896
41256913	43104896
41256913	43104896
41256912	43104895
41256912	43104895
41256912	43104895
41256911	43104894
41256911	43104894
41256911	43104894
41256910	43104893
41256910	43104893
41256910	43104893
41256909	43104892
41256909	43104892
41256909	43104892
41256908	43104891
41256908	43104891
41256908	43104891
41256907	43104890
41256907	43104890
41256907	43104890
41256906	43104889
41256906	43104889
41256906	43104889
41256905	43104888
41256905	43104888
41256905	43104888
41256904	43104887
41256904	43104887
41256904	43104887
41256903	43104886
41256903	43104886
41256903	43104886
41256902	43104885
41256902	43104885
41256902	43104885
41256901	43104884
41256901	43104884
41256901	43104884
41256900	43104883
41256900	43104883
41256900	43104883
41256899	43104882
41256899	43104882
41256899	43104882
41256898	43104881
41256898	43104881
41256898	43104881
41256897	43104880
41256897	43104880
41256897	43104880
41256896	43104879
41256896	43104879
41256896	43104879
41256895	43104878
41256895	43104878
41256895	43104878
41256894	43104877
41256894	43104877
41256894	43104877
41256893	43104876
41256893	43104876
41256893	43104876
41256892	43104875
41256892	43104875
41256892	43104875
41256891	43104874
41256891	43104874
41256888	43104871
41256886	43104869
41256886	43104869
41256886	43104869
41256885	43104868
41256885	43104868
41256884	43104867
41256884	43104867
41256884	43104867
41256883	43104866
41256883	43104866
41256883	43104866
41256882	43104865
41256882	43104865
41256881	43104864
41256881	43104864
41256881	43104864
41256880	43104863
41256880	43104863
41256879	43104862
41256879	43104862
41256879	43104862
41256878	43104861
41256878	43104861
41256878	43104861
41256877	43104860
41256877	43104860
41256877	43104860
41256876	43104859
41256876	43104859
41256875	43104858
41256875	43104858
41256875	43104858
41223040	43071023
41223040	43071023
41223040	43071023
41223039	43071022
41223039	43071022
41223039	43071022
41223038	43071021
41223038	43071021
41223038	43071021
41223037	43071020
41223037	43071020
41223037	43071020
41223036	43071019
41223036	43071019
41223036	43071019
41223035	43071018
41223035	43071018
41223035	43071018
41223034	43071017
41223034	43071017
41223034	43071017
41223033	43071016
41223033	43071016
41223033	43071016
41223032	43071015
41223032	43071015
41223032	43071015
41223031	43071014
41223031	43071014
41223030	43071013
41223030	43071013
41223029	43071012
41223029	43071012
41223028	43071011
41223028	43071011
41223028	43071011
41223027	43071010
41223027	43071010
41223027	43071010
41223026	43071009
41223026	43071009
41223026	43071009
41223025	43071008
41223025	43071008
41223025	43071008
41223024	43071007
41223024	43071007
41223024	43071007
41223023	43071006
41223023	43071006
41223023	43071006
41223022	43071005
41223022	43071005
41223022	43071005
41223021	43071004
41223021	43071004
41223021	43071004
41223020	43071003
41223020	43071003
41223020	43071003
41223019	43071002
41223019	43071002
41223019	43071002
41223018	43071001
41223018	43071001
41223018	43071001
41223017	43071000
41223017	43071000
41223017	43071000
41223016	43070999
41223016	43070999
41223016	43070999
41223015	43070998
41223015	43070998
41223015	43070998
41223014	43070997
41223014	43070997
41223014	43070997
41223013	43070996
41223013	43070996
41223013	43070996
41223012	43070995
41223012	43070995
41223012	43070995
41223011	43070994
41223011	43070994
41223011	43070994
41223010	43070993
41223010	43070993
41223010	43070993
41223009	43070992
41223009	43070992
41223009	43070992
41223008	43070991
41223008	43070991
41223008	43070991
41223007	43070990
41223007	43070990
41223007	43070990
41223006	43070989
41223006	43070989
41223006	43070989
41223005	43070988
41223005	43070988
41223005	43070988
41223004	43070987
41223004	43070987
41223004	43070987
41223003	43070986
41223003	43070986
41223003	43070986
41223002	43070985
41223002	43070985
41223002	43070985
41223001	43070984
41223001	43070984
41223001	43070984
41223000	43070983
41223000	43070983
41223000	43070983
41222999	43070982
41222999	43070982
41222999	43070982
41222998	43070981
41222998	43070981
41222998	43070981
41222997	43070980
41222997	43070980
41222997	43070980
41222996	43070979
41222996	43070979
41222996	43070979
41222995	43070978
41222995	43070978
41222995	43070978
41222994	43070977
41222994	43070977
41222994	43070977
41222993	43070976
41222993	43070976
41222993	43070976
41222992	43070975
41222992	43070975
41222992	43070975
41222991	43070974
41222991	43070974
41222991	43070974
41222990	43070973
41222990	43070973
41222990	43070973
41222989	43070972
41222989	43070972
41222989	43070972
41222988	43070971
41222988	43070971
41222988	43070971
41222987	43070970
41222987	43070970
41222987	43070970
41222986	43070969
41222986	43070969
41222986	43070969
41222985	43070968
41222985	43070968
41222985	43070968
41222984	43070967
41222984	43070967
41222984	43070967
41222983	43070966
41222983	43070966
41222983	43070966
41222982	43070965
41222982	43070965
41222982	43070965
41222981	43070964
41222981	43070964
41222981	43070964
41222980	43070963
41222980	43070963
41222980	43070963
41222979	43070962
41222979	43070962
41222979	43070962
41222978	43070961
41222978	43070961
41222978	43070961
41222977	43070960
41222977	43070960
41222977	43070960
41222976	43070959
41222976	43070959
41222976	43070959
41222975	43070958
41222975	43070958
41222975	43070958
41222974	43070957
41222974	43070957
41222973	43070956
41222973	43070956
41222973	43070956
41222972	43070955
41222972	43070955
41222972	43070955
41222971	43070954
41222971	43070954
41222971	43070954
41222970	43070953
41222970	43070953
41222970	43070953
41222969	43070952
41222969	43070952
41222969	43070952
41222968	43070951
41222968	43070951
41222968	43070951
41222967	43070950
41222967	43070950
41222967	43070950
41222966	43070949
41222966	43070949
41222966	43070949
41222965	43070948
41222965	43070948
41222965	43070948
41222964	43070947
41222964	43070947
41222964	43070947
41222963	43070946
41222963	43070946
41222963	43070946
41222962	43070945
41222962	43070945
41222962	43070945
41222961	43070944
41222961	43070944
41222961	43070944
41222960	43070943
41222960	43070943
41222960	43070943
41222959	43070942
41222959	43070942
41222956	43070939
41222956	43070939
41222956	43070939
41222955	43070938
41222955	43070938
41222955	43070938
41222954	43070937
41222954	43070937
41222954	43070937
41222953	43070936
41222953	43070936
41222953	43070936
41222952	43070935
41222952	43070935
41222952	43070935
41222951	43070934
41222951	43070934
41222951	43070934
41222950	43070933
41222950	43070933
41222950	43070933
41222949	43070932
41222949	43070932
41222949	43070932
41222948	43070931
41222948	43070931
41222948	43070931
41222947	43070930
41222947	43070930
41222947	43070930
41222946	43070929
41222946	43070929
41222946	43070929
41222945	43070928
41222945	43070928
41222945	43070928
41222944	43070927
41222944	43070927
41222944	43070927
41222943	43070926
41222943	43070926
41222943	43070926
41222942	43070925
41222942	43070925
41222942	43070925
41222941	43070924
41222941	43070924
41222941	43070924
41222940	43070923
41222940	43070923
41222940	43070923
41222939	43070922
41222939	43070922
41222938	43070921
41222938	43070921
41222938	43070921
41222937	43070920
41222937	43070920
41222937	43070920
41222936	43070919
41222936	43070919
41222936	43070919
41222935	43070918
41222935	43070918
41222935	43070918
41219722	43067705
41219722	43067705
41219722	43067705
41219721	43067704
41219721	43067704
41219721	43067704
41219720	43067703
41219720	43067703
41219720	43067703
41219719	43067702
41219719	43067702
41219719	43067702
41219718	43067701
41219718	43067701
41219718	43067701
41219717	43067700
41219717	43067700
41219717	43067700
41219716	43067699
41219716	43067699
41219716	43067699
41219715	43067698
41219715	43067698
41219715	43067698
41219714	43067697
41219714	43067697
41219714	43067697
41219713	43067696
41219713	43067696
41219713	43067696
41219712	43067695
41219712	43067695
41219712	43067695
41219711	43067694
41219711	43067694
41219711	43067694
41219710	43067693
41219710	43067693
41219710	43067693
41219709	43067692
41219709	43067692
41219709	43067692
41219708	43067691
41219708	43067691
41219708	43067691
41219707	43067690
41219707	43067690
41219706	43067689
41219706	43067689
41219706	43067689
41219705	43067688
41219705	43067688
41219705	43067688
41219704	43067687
41219704	43067687
41219704	43067687
41219703	43067686
41219703	43067686
41219703	43067686
41219702	43067685
41219702	43067685
41219702	43067685
41219701	43067684
41219701	43067684
41219701	43067684
41219700	43067683
41219700	43067683
41219700	43067683
41219699	43067682
41219699	43067682
41219699	43067682
41219698	43067681
41219698	43067681
41219698	43067681
41219697	43067680
41219697	43067680
41219697	43067680
41219696	43067679
41219696	43067679
41219696	43067679
41219695	43067678
41219695	43067678
41219695	43067678
41219694	43067677
41219694	43067677
41219694	43067677
41219693	43067676
41219693	43067676
41219692	43067675
41219692	43067675
41219692	43067675
41219691	43067674
41219691	43067674
41219691	43067674
41219690	43067673
41219690	43067673
41219690	43067673
41219689	43067672
41219689	43067672
41219689	43067672
41219688	43067671
41219688	43067671
41219688	43067671
41219687	43067670
41219687	43067670
41219687	43067670
41219686	43067669
41219686	43067669
41219686	43067669
41219685	43067668
41219685	43067668
41219685	43067668
41219684	43067667
41219684	43067667
41219684	43067667
41219683	43067666
41219683	43067666
41219683	43067666
41219682	43067665
41219682	43067665
41219682	43067665
41219681	43067664
41219681	43067664
41219681	43067664
41219680	43067663
41219680	43067663
41219680	43067663
41219679	43067662
41219679	43067662
41219678	43067661
41219676	43067659
41219676	43067659
41219676	43067659
41219675	43067658
41219675	43067658
41219673	43067656
41219673	43067656
41219673	43067656
41219672	43067655
41219672	43067655
41219671	43067654
41219671	43067654
41219671	43067654
41219670	43067653
41219670	43067653
41219670	43067653
41219669	43067652
41219669	43067652
41219669	43067652
41219668	43067651
41219668	43067651
41219668	43067651
41219667	43067650
41219667	43067650
41219667	43067650
41219666	43067649
41219666	43067649
41219666	43067649
41219665	43067648
41219665	43067648
41219665	43067648
41219664	43067647
41219664	43067647
41219664	43067647
41219663	43067646
41219663	43067646
41219663	43067646
41219662	43067645
41219662	43067645
41219662	43067645
41219661	43067644
41219661	43067644
41219661	43067644
41219660	43067643
41219660	43067643
41219660	43067643
41219659	43067642
41219659	43067642
41219659	43067642
41219658	43067641
41219658	43067641
41219658	43067641
41219657	43067640
41219657	43067640
41219657	43067640
41219656	43067639
41219656	43067639
41219656	43067639
41219655	43067638
41219655	43067638
41219655	43067638
41219654	43067637
41219654	43067637
41219654	43067637
41219653	43067636
41219653	43067636
41219653	43067636
41219652	43067635
41219652	43067635
41219652	43067635
41219651	43067634
41219651	43067634
41219651	43067634
41219650	43067633
41219650	43067633
41219650	43067633
41219649	43067632
41219649	43067632
41219649	43067632
41219648	43067631
41219648	43067631
41219648	43067631
41219647	43067630
41219647	43067630
41219647	43067630
41219646	43067629
41219646	43067629
41219646	43067629
41219645	43067628
41219645	43067628
41219645	43067628
41219644	43067627
41219644	43067627
41219644	43067627
41219643	43067626
41219643	43067626
41219643	43067626
41219642	43067625
41219642	43067625
41219642	43067625
41219641	43067624
41219641	43067624
41219641	43067624
41219640	43067623
41219640	43067623
41219640	43067623
41219639	43067622
41219639	43067622
41219639	43067622
41219638	43067621
41219638	43067621
41219638	43067621
41219637	43067620
41219637	43067620
41219637	43067620
41219636	43067619
41219636	43067619
41219636	43067619
41219635	43067618
41219635	43067618
41219635	43067618
41219634	43067617
41219634	43067617
41219634	43067617
41219633	43067616
41219633	43067616
41219633	43067616
41219632	43067615
41219632	43067615
41219632	43067615
41219631	43067614
41219631	43067614
41219631	43067614
41219630	43067613
41219630	43067613
41219630	43067613
41219629	43067612
41219629	43067612
41219629	43067612
41219628	43067611
41219628	43067611
41219628	43067611
41219627	43067610
41219627	43067610
41219627	43067610
41219626	43067609
41219626	43067609
41219626	43067609
41219625	43067608
41219625	43067608
41219625	43067608
41219624	43067607
41219624	43067607
41219624	43067607
41219623	43067606
41219623	43067606
41219623	43067606
41219622	43067605
41219622	43067605
41219622	43067605
41219621	43067604
41219621	43067604
41219621	43067604
41219620	43067603
41219620	43067603
41219620	43067603
41219619	43067602
41219619	43067602
41219619	43067602
41219618	43067601
41219618	43067601
41219618	43067601
41219617	43067600
41219617	43067600
41219617	43067600
41219616	43067599
41219616	43067599
41219616	43067599
41219615	43067598
41219615	43067598
41219615	43067598
41215978	43063961
41215978	43063961
41215978	43063961
41215977	43063960
41215977	43063960
41215977	43063960
41215976	43063959
41215976	43063959
41215976	43063959
41215975	43063958
41215975	43063958
41215975	43063958
41215974	43063957
41215974	43063957
41215974	43063957
41215973	43063956
41215973	43063956
41215973	43063956
41215972	43063955
41215972	43063955
41215972	43063955
41215971	43063954
41215971	43063954
41215971	43063954
41215970	43063953
41215970	43063953
41215970	43063953
41215969	43063952
41215969	43063952
41215969	43063952
41215968	43063951
41215968	43063951
41215968	43063951
41215967	43063950
41215967	43063950
41215967	43063950
41215966	43063949
41215966	43063949
41215966	43063949
41215965	43063948
41215965	43063948
41215965	43063948
41215964	43063947
41215964	43063947
41215964	43063947
41215963	43063946
41215963	43063946
41215963	43063946
41215962	43063945
41215962	43063945
41215962	43063945
41215961	43063944
41215961	43063944
41215961	43063944
41215960	43063943
41215960	43063943
41215960	43063943
41215959	43063942
41215959	43063942
41215959	43063942
41215958	43063941
41215958	43063941
41215958	43063941
41215957	43063940
41215957	43063940
41215957	43063940
41215956	43063939
41215956	43063939
41215956	43063939
41215955	43063938
41215955	43063938
41215955	43063938
41215954	43063937
41215954	43063937
41215954	43063937
41215953	43063936
41215953	43063936
41215953	43063936
41215952	43063935
41215952	43063935
41215952	43063935
41215951	43063934
41215951	43063934
41215951	43063934
41215950	43063933
41215950	43063933
41215950	43063933
41215949	43063932
41215949	43063932
41215949	43063932
41215948	43063931
41215947	43063930
41215947	43063930
41215945	43063928
41215945	43063928
41215944	43063927
41215944	43063927
41215944	43063927
41215943	43063926
41215943	43063926
41215943	43063926
41215942	43063925
41215942	43063925
41215942	43063925
41215941	43063924
41215941	43063924
41215941	43063924
41215940	43063923
41215940	43063923
41215940	43063923
41215939	43063922
41215939	43063922
41215939	43063922
41215938	43063921
41215938	43063921
41215938	43063921
41215937	43063920
41215937	43063920
41215937	43063920
41215936	43063919
41215936	43063919
41215936	43063919
41215935	43063918
41215935	43063918
41215935	43063918
41215934	43063917
41215934	43063917
41215934	43063917
41215933	43063916
41215933	43063916
41215933	43063916
41215932	43063915
41215932	43063915
41215932	43063915
41215931	43063914
41215931	43063914
41215931	43063914
41215930	43063913
41215930	43063913
41215930	43063913
41215929	43063912
41215929	43063912
41215929	43063912
41215928	43063911
41215928	43063911
41215928	43063911
41215927	43063910
41215927	43063910
41215927	43063910
41215926	43063909
41215926	43063909
41215926	43063909
41215925	43063908
41215925	43063908
41215925	43063908
41215924	43063907
41215924	43063907
41215924	43063907
41215923	43063906
41215923	43063906
41215923	43063906
41215922	43063905
41215922	43063905
41215922	43063905
41215921	43063904
41215921	43063904
41215921	43063904
41215920	43063903
41215920	43063903
41215920	43063903
41215919	43063902
41215919	43063902
41215919	43063902
41215918	43063901
41215918	43063901
41215918	43063901
41215917	43063900
41215917	43063900
41215917	43063900
41215916	43063899
41215916	43063899
41215916	43063899
41215915	43063898
41215915	43063898
41215915	43063898
41215914	43063897
41215914	43063897
41215914	43063897
41215913	43063896
41215913	43063896
41215913	43063896
41215912	43063895
41215912	43063895
41215912	43063895
41215911	43063894
41215911	43063894
41215911	43063894
41215910	43063893
41215910	43063893
41215910	43063893
41215909	43063892
41215909	43063892
41215909	43063892
41215908	43063891
41215908	43063891
41215908	43063891
41215907	43063890
41215907	43063890
41215907	43063890
41215906	43063889
41215906	43063889
41215906	43063889
41215905	43063888
41215905	43063888
41215905	43063888
41215904	43063887
41215904	43063887
41215904	43063887
41215903	43063886
41215903	43063886
41215903	43063886
41215902	43063885
41215902	43063885
41215902	43063885
41215901	43063884
41215901	43063884
41215901	43063884
41215900	43063883
41215900	43063883
41215900	43063883
41215899	43063882
41215899	43063882
41215899	43063882
41215898	43063881
41215898	43063881
41215898	43063881
41215897	43063880
41215897	43063880
41215897	43063880
41215896	43063879
41215896	43063879
41215896	43063879
41215895	43063878
41215895	43063878
41215895	43063878
41215894	43063877
41215894	43063877
41215894	43063877
41215893	43063876
41215893	43063876
41215893	43063876
41215892	43063875
41215892	43063875
41215892	43063875
41215891	43063874
41215891	43063874
41215891	43063874
41215890	43063873
41215890	43063873
41215890	43063873
41215889	43063872
41215889	43063872
41215889	43063872
41215888	43063871
41215888	43063871
41215888	43063871
41215887	43063870
41215887	43063870
41215887	43063870
41215886	43063869
41215886	43063869
41215886	43063869
41215885	43063868
41215885	43063868
41215885	43063868
41215884	43063867
41215884	43063867
41215884	43063867
41215883	43063866
41215883	43063866
41215883	43063866
41215882	43063865
41215882	43063865
41215882	43063865
41215881	43063864
41215881	43063864
41215881	43063864
41215420	43063403
41215420	43063403
41215420	43063403
41215419	43063402
41215419	43063402
41215419	43063402
41215418	43063401
41215418	43063401
41215418	43063401
41215417	43063400
41215417	43063400
41215417	43063400
41215416	43063399
41215416	43063399
41215416	43063399
41215415	43063398
41215415	43063398
41215415	43063398
41215414	43063397
41215414	43063397
41215414	43063397
41215413	43063396
41215413	43063396
41215413	43063396
41215412	43063395
41215412	43063395
41215412	43063395
41215411	43063394
41215411	43063394
41215411	43063394
41215410	43063393
41215410	43063393
41215410	43063393
41215409	43063392
41215409	43063392
41215409	43063392
41215408	43063391
41215408	43063391
41215408	43063391
41215407	43063390
41215407	43063390
41215407	43063390
41215406	43063389
41215406	43063389
41215406	43063389
41215405	43063388
41215405	43063388
41215405	43063388
41215404	43063387
41215404	43063387
41215404	43063387
41215403	43063386
41215403	43063386
41215403	43063386
41215402	43063385
41215402	43063385
41215402	43063385
41215401	43063384
41215401	43063384
41215401	43063384
41215400	43063383
41215400	43063383
41215400	43063383
41215399	43063382
41215399	43063382
41215399	43063382
41215398	43063381
41215398	43063381
41215398	43063381
41215397	43063380
41215397	43063380
41215397	43063380
41215396	43063379
41215396	43063379
41215396	43063379
41215395	43063378
41215395	43063378
41215395	43063378
41215394	43063377
41215394	43063377
41215394	43063377
41215393	43063376
41215393	43063376
41215393	43063376
41215392	43063375
41215392	43063375
41215392	43063375
41215391	43063374
41215391	43063374
41215391	43063374
41215390	43063373
41215390	43063373
41215390	43063373
41215389	43063372
41215389	43063372
41215389	43063372
41215388	43063371
41215388	43063371
41215388	43063371
41215387	43063370
41215387	43063370
41215387	43063370
41215386	43063369
41215386	43063369
41215386	43063369
41215385	43063368
41215385	43063368
41215382	43063365
41215382	43063365
41215382	43063365
41215381	43063364
41215381	43063364
41215381	43063364
41215380	43063363
41215380	43063363
41215380	43063363
41215379	43063362
41215379	43063362
41215379	43063362
41215378	43063361
41215378	43063361
41215378	43063361
41215377	43063360
41215377	43063360
41215377	43063360
41215376	43063359
41215376	43063359
41215376	43063359
41215375	43063358
41215375	43063358
41215375	43063358
41215374	43063357
41215374	43063357
41215374	43063357
41215373	43063356
41215373	43063356
41215373	43063356
41215372	43063355
41215372	43063355
41215372	43063355
41215371	43063354
41215371	43063354
41215371	43063354
41215370	43063353
41215370	43063353
41215370	43063353
41215369	43063352
41215369	43063352
41215369	43063352
41215368	43063351
41215368	43063351
41215368	43063351
41215367	43063350
41215367	43063350
41215367	43063350
41215366	43063349
41215366	43063349
41215366	43063349
41215365	43063348
41215365	43063348
41215365	43063348
41215364	43063347
41215364	43063347
41215364	43063347
41215363	43063346
41215363	43063346
41215363	43063346
41215362	43063345
41215362	43063345
41215362	43063345
41215361	43063344
41215361	43063344
41215361	43063344
41215360	43063343
41215360	43063343
41215360	43063343
41215359	43063342
41215359	43063342
41215359	43063342
41215358	43063341
41215358	43063341
41215358	43063341
41215357	43063340
41215357	43063340
41215357	43063340
41215356	43063339
41215356	43063339
41215356	43063339
41215355	43063338
41215355	43063338
41215355	43063338
41215354	43063337
41215354	43063337
41215354	43063337
41215353	43063336
41215353	43063336
41215353	43063336
41215352	43063335
41215352	43063335
41215352	43063335
41215351	43063334
41215351	43063334
41215351	43063334
41215350	43063333
41215350	43063333
41215350	43063333
41215349	43063332
41215349	43063332
41215349	43063332
41215348	43063331
41215348	43063331
41215348	43063331
41215347	43063330
41215347	43063330
41215347	43063330
41215346	43063329
41215346	43063329
41215346	43063329
41215345	43063328
41215345	43063328
41215345	43063328
41215344	43063327
41215344	43063327
41215344	43063327
41215343	43063326
41215343	43063326
41215343	43063326
41215342	43063325
41215342	43063325
41215342	43063325
41215341	43063324
41215341	43063324
41215341	43063324
41215340	43063323
41215340	43063323
41215340	43063323
41215339	43063322
41215339	43063322
41215339	43063322
41215338	43063321
41215338	43063321
41215338	43063321
41215337	43063320
41215337	43063320
41215337	43063320
41215336	43063319
41215336	43063319
41215336	43063319
41215335	43063318
41215335	43063318
41215335	43063318
41215334	43063317
41215334	43063317
41215334	43063317
41215333	43063316
41215333	43063316
41215333	43063316
41215332	43063315
41215332	43063315
41215332	43063315
41215331	43063314
41215331	43063314
41215331	43063314
41215330	43063313
41215330	43063313
41215330	43063313
41215329	43063312
41215329	43063312
41215329	43063312
41215328	43063311
41215328	43063311
41215328	43063311
41215327	43063310
41215327	43063310
41215327	43063310
41215326	43063309
41215326	43063309
41215326	43063309
41215325	43063308
41215325	43063308
41215325	43063308
41215324	43063307
41215324	43063307
41215324	43063307
41215323	43063306
41215322	43063305
41215322	43063305
41215322	43063305
41215321	43063304
41215321	43063304
41215321	43063304
41215320	43063303
41215320	43063303
41215320	43063303
41209162	43057145
41209162	43057145
41209162	43057145
41209161	43057144
41209161	43057144
41209161	43057144
41209160	43057143
41209160	43057143
41209160	43057143
41209159	43057142
41209159	43057142
41209159	43057142
41209158	43057141
41209158	43057141
41209158	43057141
41209157	43057140
41209157	43057140
41209157	43057140
41209156	43057139
41209156	43057139
41209156	43057139
41209155	43057138
41209155	43057138
41209155	43057138
41209154	43057137
41209154	43057137
41209154	43057137
41209153	43057136
41209153	43057136
41209153	43057136
41209152	43057135
41209152	43057135
41209152	43057135
41209151	43057134
41209151	43057134
41209151	43057134
41209150	43057133
41209150	43057133
41209150	43057133
41209149	43057132
41209149	43057132
41209149	43057132
41209148	43057131
41209148	43057131
41209148	43057131
41209147	43057130
41209147	43057130
41209147	43057130
41209146	43057129
41209146	43057129
41209146	43057129
41209145	43057128
41209145	43057128
41209145	43057128
41209144	43057127
41209144	43057127
41209144	43057127
41209143	43057126
41209143	43057126
41209143	43057126
41209142	43057125
41209142	43057125
41209142	43057125
41209141	43057124
41209141	43057124
41209141	43057124
41209140	43057123
41209140	43057123
41209140	43057123
41209139	43057122
41209139	43057122
41209139	43057122
41209138	43057121
41209138	43057121
41209138	43057121
41209137	43057120
41209137	43057120
41209137	43057120
41209136	43057119
41209136	43057119
41209136	43057119
41209135	43057118
41209135	43057118
41209135	43057118
41209134	43057117
41209134	43057117
41209134	43057117
41209133	43057116
41209133	43057116
41209133	43057116
41209132	43057115
41209132	43057115
41209132	43057115
41209131	43057114
41209131	43057114
41209131	43057114
41209130	43057113
41209130	43057113
41209130	43057113
41209129	43057112
41209129	43057112
41209129	43057112
41209128	43057111
41209127	43057110
41209127	43057110
41209125	43057108
41209125	43057108
41209124	43057107
41209124	43057107
41209123	43057106
41209123	43057106
41209123	43057106
41209122	43057105
41209122	43057105
41209122	43057105
41209121	43057104
41209121	43057104
41209121	43057104
41209120	43057103
41209120	43057103
41209120	43057103
41209119	43057102
41209119	43057102
41209119	43057102
41209118	43057101
41209118	43057101
41209118	43057101
41209117	43057100
41209117	43057100
41209117	43057100
41209116	43057099
41209116	43057099
41209116	43057099
41209115	43057098
41209115	43057098
41209115	43057098
41209114	43057097
41209114	43057097
41209114	43057097
41209113	43057096
41209113	43057096
41209113	43057096
41209112	43057095
41209112	43057095
41209112	43057095
41209111	43057094
41209111	43057094
41209111	43057094
41209110	43057093
41209110	43057093
41209110	43057093
41209109	43057092
41209109	43057092
41209109	43057092
41209108	43057091
41209108	43057091
41209108	43057091
41209107	43057090
41209107	43057090
41209107	43057090
41209106	43057089
41209106	43057089
41209106	43057089
41209105	43057088
41209105	43057088
41209105	43057088
41209104	43057087
41209104	43057087
41209104	43057087
41209103	43057086
41209103	43057086
41209103	43057086
41209102	43057085
41209102	43057085
41209102	43057085
41209101	43057084
41209101	43057084
41209101	43057084
41209100	43057083
41209100	43057083
41209100	43057083
41209099	43057082
41209099	43057082
41209099	43057082
41209098	43057081
41209098	43057081
41209098	43057081
41209097	43057080
41209097	43057080
41209097	43057080
41209096	43057079
41209096	43057079
41209096	43057079
41209095	43057078
41209095	43057078
41209095	43057078
41209094	43057077
41209094	43057077
41209094	43057077
41209093	43057076
41209093	43057076
41209093	43057076
41209092	43057075
41209092	43057075
41209092	43057075
41209091	43057074
41209091	43057074
41209091	43057074
41209090	43057073
41209090	43057073
41209090	43057073
41209089	43057072
41209089	43057072
41209089	43057072
41209088	43057071
41209088	43057071
41209088	43057071
41209087	43057070
41209087	43057070
41209087	43057070
41209086	43057069
41209086	43057069
41209086	43057069
41209085	43057068
41209085	43057068
41209085	43057068
41209084	43057067
41209084	43057067
41209084	43057067
41209083	43057066
41209083	43057066
41209083	43057066
41209082	43057065
41209082	43057065
41209082	43057065
41209081	43057064
41209081	43057064
41209081	43057064
41209080	43057063
41209080	43057063
41209080	43057063
41209079	43057062
41209079	43057062
41209079	43057062
41209078	43057061
41209078	43057061
41209078	43057061
41209077	43057060
41209077	43057060
41209077	43057060
41209076	43057059
41209076	43057059
41209076	43057059
41209075	43057058
41209075	43057058
41209075	43057058
41209074	43057057
41209074	43057057
41209074	43057057
41209073	43057056
41209073	43057056
41209073	43057056
41209072	43057055
41209072	43057055
41209072	43057055
41209071	43057054
41209071	43057054
41209071	43057054
41209070	43057053
41209070	43057053
41209070	43057053
41209069	43057052
41209069	43057052
41209069	43057052
41209068	43057051
41209068	43057051
41209068	43057051
41209067	43057050
41209067	43057050
41209067	43057050
41209066	43057049
41209066	43057049
41209066	43057049
41209065	43057048
41209065	43057048
41209065	43057048
41209064	43057047
41209064	43057047
41209064	43057047
41209063	43057046
41209063	43057046
41209063	43057046
41209062	43057045
41209062	43057045
41209062	43057045
41209061	43057044
41209061	43057044
41209061	43057044
41209060	43057043
41209060	43057043
41209060	43057043
41209059	43057042
41209059	43057042
41203156	43051139
41203156	43051139
41203156	43051139
41203155	43051138
41203155	43051138
41203155	43051138
41203154	43051137
41203154	43051137
41203154	43051137
41203153	43051136
41203153	43051136
41203153	43051136
41203152	43051135
41203152	43051135
41203152	43051135
41203151	43051134
41203151	43051134
41203151	43051134
41203150	43051133
41203150	43051133
41203150	43051133
41203149	43051132
41203149	43051132
41203149	43051132
41203148	43051131
41203148	43051131
41203148	43051131
41203147	43051130
41203147	43051130
41203147	43051130
41203146	43051129
41203146	43051129
41203146	43051129
41203145	43051128
41203145	43051128
41203145	43051128
41203144	43051127
41203144	43051127
41203144	43051127
41203143	43051126
41203143	43051126
41203143	43051126
41203142	43051125
41203142	43051125
41203142	43051125
41203141	43051124
41203141	43051124
41203141	43051124
41203140	43051123
41203140	43051123
41203140	43051123
41203139	43051122
41203139	43051122
41203139	43051122
41203138	43051121
41203138	43051121
41203138	43051121
41203137	43051120
41203137	43051120
41203137	43051120
41203136	43051119
41203136	43051119
41203136	43051119
41203135	43051118
41203135	43051118
41203135	43051118
41203134	43051117
41203134	43051117
41203134	43051117
41203133	43051116
41203133	43051116
41203133	43051116
41203132	43051115
41203132	43051115
41203132	43051115
41203131	43051114
41203131	43051114
41203131	43051114
41203130	43051113
41203130	43051113
41203130	43051113
41203129	43051112
41203129	43051112
41203129	43051112
41203128	43051111
41203128	43051111
41203128	43051111
41203127	43051110
41203127	43051110
41203127	43051110
41203126	43051109
41203126	43051109
41203126	43051109
41203125	43051108
41203124	43051107
41203124	43051107
41203122	43051105
41203122	43051105
41203121	43051104
41203121	43051104
41203120	43051103
41203120	43051103
41203120	43051103
41203119	43051102
41203119	43051102
41203119	43051102
41203118	43051101
41203118	43051101
41203118	43051101
41203117	43051100
41203117	43051100
41203117	43051100
41203116	43051099
41203116	43051099
41203116	43051099
41203115	43051098
41203115	43051098
41203115	43051098
41203114	43051097
41203114	43051097
41203114	43051097
41203113	43051096
41203113	43051096
41203113	43051096
41203112	43051095
41203112	43051095
41203112	43051095
41203111	43051094
41203111	43051094
41203111	43051094
41203110	43051093
41203110	43051093
41203110	43051093
41203109	43051092
41203109	43051092
41203109	43051092
41203108	43051091
41203108	43051091
41203108	43051091
41203107	43051090
41203107	43051090
41203106	43051089
41203106	43051089
41203106	43051089
41203105	43051088
41203105	43051088
41203105	43051088
41203104	43051087
41203104	43051087
41203104	43051087
41203103	43051086
41203103	43051086
41203103	43051086
41203102	43051085
41203102	43051085
41203102	43051085
41203101	43051084
41203101	43051084
41203101	43051084
41203100	43051083
41203100	43051083
41203100	43051083
41203099	43051082
41203099	43051082
41203099	43051082
41203098	43051081
41203098	43051081
41203098	43051081
41203097	43051080
41203097	43051080
41203097	43051080
41203096	43051079
41203096	43051079
41203095	43051078
41203095	43051078
41203095	43051078
41203094	43051077
41203094	43051077
41203094	43051077
41203093	43051076
41203093	43051076
41203093	43051076
41203092	43051075
41203092	43051075
41203092	43051075
41203091	43051074
41203091	43051074
41203091	43051074
41203090	43051073
41203090	43051073
41203090	43051073
41203089	43051072
41203089	43051072
41203089	43051072
41203088	43051071
41203088	43051071
41203088	43051071
41203087	43051070
41203087	43051070
41203087	43051070
41203086	43051069
41203086	43051069
41203086	43051069
41203085	43051068
41203085	43051068
41203085	43051068
41203084	43051067
41203084	43051067
41203084	43051067
41203083	43051066
41203083	43051066
41203083	43051066
41203082	43051065
41203082	43051065
41203082	43051065
41203081	43051064
41203081	43051064
41203081	43051064
41203080	43051063
41203080	43051063
41203079	43051062
41203079	43051062
41203079	43051062
41203078	43051061
41203078	43051061
41203078	43051061
41203077	43051060
41203077	43051060
41203077	43051060
41203076	43051059
41203076	43051059
41203076	43051059
41203075	43051058
41203075	43051058
41203075	43051058
41203074	43051057
41203074	43051057
41203074	43051057
41203073	43051056
41203073	43051056
41203073	43051056
41203072	43051055
41203072	43051055
41203072	43051055
41203071	43051054
41203071	43051054
41203071	43051054
41203070	43051053
41203070	43051053
41203070	43051053
41203069	43051052
41203069	43051052
41203069	43051052
41203068	43051051
41203068	43051051
41203067	43051050
41203067	43051050
41203066	43051049
41203066	43051049
41203066	43051049
41203065	43051048
41203065	43051048
41203065	43051048
41203064	43051047
41203064	43051047
41203064	43051047
41203063	43051046
41203063	43051046
41203063	43051046
41203062	43051045
41203062	43051045
41203062	43051045
41203061	43051044
41203061	43051044
41203061	43051044
41203060	43051043
41203060	43051043
41203060	43051043
41203059	43051042
41203059	43051042
41203059	43051042
41203058	43051041
41203058	43051041
41203058	43051041
41203057	43051040
41203057	43051040
41203057	43051040
41201224	43049207
41201224	43049207
41201224	43049207
41201223	43049206
41201223	43049206
41201223	43049206
41201222	43049205
41201222	43049205
41201222	43049205
41201221	43049204
41201221	43049204
41201221	43049204
41201220	43049203
41201220	43049203
41201220	43049203
41201219	43049202
41201219	43049202
41201219	43049202
41201218	43049201
41201218	43049201
41201218	43049201
41201217	43049200
41201217	43049200
41201217	43049200
41201216	43049199
41201216	43049199
41201216	43049199
41201215	43049198
41201215	43049198
41201215	43049198
41201214	43049197
41201214	43049197
41201214	43049197
41201213	43049196
41201213	43049196
41201213	43049196
41201212	43049195
41201212	43049195
41201212	43049195
41201211	43049194
41201211	43049194
41201211	43049194
41201210	43049193
41201210	43049193
41201210	43049193
41201209	43049192
41201209	43049192
41201209	43049192
41201208	43049191
41201208	43049191
41201208	43049191
41201207	43049190
41201207	43049190
41201207	43049190
41201206	43049189
41201205	43049188
41201205	43049188
41201203	43049186
41201203	43049186
41201203	43049186
41201202	43049185
41201202	43049185
41201201	43049184
41201201	43049184
41201201	43049184
41201200	43049183
41201200	43049183
41201200	43049183
41201199	43049182
41201199	43049182
41201199	43049182
41201198	43049181
41201198	43049181
41201198	43049181
41201197	43049180
41201197	43049180
41201197	43049180
41201196	43049179
41201196	43049179
41201196	43049179
41201195	43049178
41201195	43049178
41201195	43049178
41201194	43049177
41201194	43049177
41201194	43049177
41201193	43049176
41201193	43049176
41201193	43049176
41201192	43049175
41201192	43049175
41201192	43049175
41201191	43049174
41201191	43049174
41201191	43049174
41201190	43049173
41201190	43049173
41201190	43049173
41201189	43049172
41201189	43049172
41201189	43049172
41201188	43049171
41201188	43049171
41201188	43049171
41201187	43049170
41201187	43049170
41201187	43049170
41201186	43049169
41201186	43049169
41201186	43049169
41201185	43049168
41201185	43049168
41201185	43049168
41201184	43049167
41201184	43049167
41201184	43049167
41201183	43049166
41201183	43049166
41201183	43049166
41201182	43049165
41201182	43049165
41201182	43049165
41201181	43049164
41201181	43049164
41201181	43049164
41201180	43049163
41201180	43049163
41201180	43049163
41201179	43049162
41201179	43049162
41201179	43049162
41201178	43049161
41201178	43049161
41201178	43049161
41201177	43049160
41201177	43049160
41201177	43049160
41201176	43049159
41201176	43049159
41201176	43049159
41201175	43049158
41201175	43049158
41201175	43049158
41201174	43049157
41201174	43049157
41201174	43049157
41201173	43049156
41201173	43049156
41201173	43049156
41201172	43049155
41201172	43049155
41201172	43049155
41201171	43049154
41201171	43049154
41201171	43049154
41201170	43049153
41201170	43049153
41201170	43049153
41201169	43049152
41201169	43049152
41201169	43049152
41201168	43049151
41201168	43049151
41201168	43049151
41201167	43049150
41201167	43049150
41201167	43049150
41201166	43049149
41201166	43049149
41201166	43049149
41201165	43049148
41201165	43049148
41201165	43049148
41201164	43049147
41201164	43049147
41201164	43049147
41201163	43049146
41201163	43049146
41201163	43049146
41201162	43049145
41201162	43049145
41201162	43049145
41201161	43049144
41201161	43049144
41201161	43049144
41201160	43049143
41201160	43049143
41201160	43049143
41201159	43049142
41201159	43049142
41201159	43049142
41201158	43049141
41201158	43049141
41201158	43049141
41201157	43049140
41201157	43049140
41201157	43049140
41201156	43049139
41201156	43049139
41201156	43049139
41201155	43049138
41201155	43049138
41201155	43049138
41201154	43049137
41201154	43049137
41201154	43049137
41201153	43049136
41201153	43049136
41201153	43049136
41201152	43049135
41201152	43049135
41201152	43049135
41201151	43049134
41201151	43049134
41201151	43049134
41201150	43049133
41201150	43049133
41201150	43049133
41201149	43049132
41201149	43049132
41201149	43049132
41201148	43049131
41201148	43049131
41201148	43049131
41201147	43049130
41201147	43049130
41201147	43049130
41201146	43049129
41201146	43049129
41201146	43049129
41201145	43049128
41201145	43049128
41201145	43049128
41201144	43049127
41201144	43049127
41201144	43049127
41201143	43049126
41201143	43049126
41201143	43049126
41201142	43049125
41201142	43049125
41201142	43049125
41201141	43049124
41201141	43049124
41201141	43049124
41201140	43049123
41201140	43049123
41201140	43049123
41201139	43049122
41201139	43049122
41201139	43049122
41201138	43049121
41201138	43049121
41201138	43049121
41201137	43049120
41201137	43049120
41201137	43049120
41201136	43049119
41201136	43049119
41201136	43049119
41201135	43049118
41201135	43049118
41201135	43049118
41201134	43049117
41201134	43049117
41201134	43049117
41201133	43049116
41201133	43049116
41201133	43049116
41201132	43049115
41201132	43049115
41201132	43049115
41201131	43049114
41201131	43049114
41201131	43049114
41201130	43049113
41201130	43049113
41201130	43049113
41201129	43049112
41201129	43049112
41201129	43049112
41201128	43049111
41201128	43049111
41201127	43049110
41201127	43049110
41201126	43049109
41201126	43049109
41201126	43049109
41201125	43049108
41201125	43049108
41201125	43049108
41201124	43049107
41201124	43049107
41201124	43049107
41201123	43049106
41201123	43049106
41201122	43049105
41201122	43049105
41201122	43049105
41201121	43049104
41201121	43049104
41201121	43049104
41201120	43049103
41201120	43049103
41201120	43049103
41199734	43047717
41199734	43047717
41199734	43047717
41199733	43047716
41199733	43047716
41199733	43047716
41199732	43047715
41199732	43047715
41199732	43047715
41199731	43047714
41199731	43047714
41199731	43047714
41199730	43047713
41199730	43047713
41199730	43047713
41199729	43047712
41199729	43047712
41199729	43047712
41199728	43047711
41199728	43047711
41199728	43047711
41199727	43047710
41199727	43047710
41199727	43047710
41199726	43047709
41199726	43047709
41199726	43047709
41199725	43047708
41199725	43047708
41199725	43047708
41199724	43047707
41199724	43047707
41199724	43047707
41199723	43047706
41199723	43047706
41199723	43047706
41199722	43047705
41199722	43047705
41199722	43047705
41199721	43047704
41199721	43047704
41199721	43047704
41199720	43047703
41199720	43047703
41199720	43047703
41199719	43047702
41199719	43047702
41199719	43047702
41199718	43047701
41199718	43047701
41199718	43047701
41199717	43047700
41199717	43047700
41199717	43047700
41199716	43047699
41199716	43047699
41199716	43047699
41199715	43047698
41199715	43047698
41199715	43047698
41199714	43047697
41199714	43047697
41199714	43047697
41199713	43047696
41199713	43047696
41199713	43047696
41199712	43047695
41199712	43047695
41199712	43047695
41199711	43047694
41199711	43047694
41199711	43047694
41199710	43047693
41199710	43047693
41199710	43047693
41199709	43047692
41199709	43047692
41199709	43047692
41199708	43047691
41199708	43047691
41199708	43047691
41199707	43047690
41199707	43047690
41199707	43047690
41199706	43047689
41199706	43047689
41199706	43047689
41199705	43047688
41199704	43047687
41199704	43047687
41199702	43047685
41199701	43047684
41199701	43047684
41199700	43047683
41199700	43047683
41199700	43047683
41199699	43047682
41199699	43047682
41199699	43047682
41199698	43047681
41199698	43047681
41199698	43047681
41199697	43047680
41199697	43047680
41199697	43047680
41199696	43047679
41199696	43047679
41199696	43047679
41199695	43047678
41199695	43047678
41199695	43047678
41199694	43047677
41199694	43047677
41199694	43047677
41199693	43047676
41199693	43047676
41199693	43047676
41199692	43047675
41199692	43047675
41199692	43047675
41199691	43047674
41199691	43047674
41199691	43047674
41199690	43047673
41199690	43047673
41199690	43047673
41199689	43047672
41199689	43047672
41199689	43047672
41199688	43047671
41199688	43047671
41199688	43047671
41199687	43047670
41199687	43047670
41199687	43047670
41199686	43047669
41199686	43047669
41199686	43047669
41199685	43047668
41199685	43047668
41199685	43047668
41199684	43047667
41199684	43047667
41199684	43047667
41199683	43047666
41199683	43047666
41199683	43047666
41199682	43047665
41199682	43047665
41199682	43047665
41199681	43047664
41199681	43047664
41199681	43047664
41199680	43047663
41199680	43047663
41199680	43047663
41199679	43047662
41199679	43047662
41199679	43047662
41199678	43047661
41199678	43047661
41199678	43047661
41199677	43047660
41199677	43047660
41199677	43047660
41199676	43047659
41199676	43047659
41199676	43047659
41199675	43047658
41199675	43047658
41199675	43047658
41199674	43047657
41199674	43047657
41199674	43047657
41199673	43047656
41199673	43047656
41199673	43047656
41199672	43047655
41199672	43047655
41199672	43047655
41199671	43047654
41199671	43047654
41199671	43047654
41199670	43047653
41199670	43047653
41199670	43047653
41199669	43047652
41199669	43047652
41199669	43047652
41199668	43047651
41199668	43047651
41199668	43047651
41199667	43047650
41199667	43047650
41199667	43047650
41199666	43047649
41199666	43047649
41199666	43047649
41199665	43047648
41199665	43047648
41199665	43047648
41199664	43047647
41199664	43047647
41199664	43047647
41199663	43047646
41199663	43047646
41199663	43047646
41199662	43047645
41199662	43047645
41199662	43047645
41199661	43047644
41199661	43047644
41199661	43047644
41199660	43047643
41199660	43047643
41199660	43047643
41199659	43047642
41199659	43047642
41199659	43047642
41199658	43047641
41199658	43047641
41199657	43047640
41199657	43047640
41199657	43047640
41199656	43047639
41199656	43047639
41199656	43047639
41199655	43047638
41199655	43047638
41199655	43047638
41199654	43047637
41199654	43047637
41199654	43047637
41199653	43047636
41199653	43047636
41199653	43047636
41199652	43047635
41199652	43047635
41199652	43047635
41199651	43047634
41199651	43047634
41199650	43047633
41199650	43047633
41199650	43047633
41199649	43047632
41199649	43047632
41199649	43047632
41199648	43047631
41199648	43047631
41199648	43047631
41199647	43047630
41199647	43047630
41199647	43047630
41199646	43047629
41199646	43047629
41199646	43047629
41199645	43047628
41199645	43047628
41199645	43047628
41199644	43047627
41199644	43047627
41199644	43047627
41199643	43047626
41199643	43047626
41199643	43047626
41199642	43047625
41199642	43047625
41199642	43047625
41199641	43047624
41199641	43047624
41199641	43047624
41199640	43047623
41199640	43047623
41199640	43047623
41199639	43047622
41199639	43047622
41199639	43047622
41199638	43047621
41199638	43047621
41199638	43047621
41199637	43047620
41199637	43047620
41199637	43047620
41199636	43047619
41199636	43047619
41199636	43047619
41199635	43047618
41199635	43047618
41197829	43045812
41197829	43045812
41197829	43045812
41197828	43045811
41197828	43045811
41197828	43045811
41197827	43045810
41197827	43045810
41197827	43045810
41197826	43045809
41197826	43045809
41197826	43045809
41197825	43045808
41197825	43045808
41197825	43045808
41197824	43045807
41197824	43045807
41197824	43045807
41197823	43045806
41197823	43045806
41197823	43045806
41197822	43045805
41197822	43045805
41197822	43045805
41197821	43045804
41197821	43045804
41197821	43045804
41197820	43045803
41197820	43045803
41197820	43045803
41197819	43045802
41197819	43045802
41197819	43045802
41197818	43045801
41197818	43045801
41197818	43045801
41197817	43045800
41197817	43045800
41197817	43045800
41197816	43045799
41197816	43045799
41197816	43045799
41197815	43045798
41197815	43045798
41197815	43045798
41197814	43045797
41197814	43045797
41197814	43045797
41197813	43045796
41197813	43045796
41197813	43045796
41197812	43045795
41197812	43045795
41197812	43045795
41197811	43045794
41197811	43045794
41197811	43045794
41197810	43045793
41197810	43045793
41197810	43045793
41197809	43045792
41197809	43045792
41197809	43045792
41197808	43045791
41197808	43045791
41197808	43045791
41197807	43045790
41197807	43045790
41197807	43045790
41197806	43045789
41197806	43045789
41197806	43045789
41197805	43045788
41197805	43045788
41197805	43045788
41197804	43045787
41197804	43045787
41197804	43045787
41197803	43045786
41197803	43045786
41197803	43045786
41197802	43045785
41197802	43045785
41197802	43045785
41197801	43045784
41197801	43045784
41197801	43045784
41197800	43045783
41197800	43045783
41197800	43045783
41197799	43045782
41197799	43045782
41197799	43045782
41197798	43045781
41197798	43045781
41197798	43045781
41197797	43045780
41197797	43045780
41197797	43045780
41197796	43045779
41197796	43045779
41197796	43045779
41197795	43045778
41197795	43045778
41197795	43045778
41197794	43045777
41197794	43045777
41197794	43045777
41197793	43045776
41197792	43045775
41197792	43045775
41197790	43045773
41197790	43045773
41197789	43045772
41197789	43045772
41197788	43045771
41197788	43045771
41197788	43045771
41197787	43045770
41197787	43045770
41197787	43045770
41197786	43045769
41197786	43045769
41197786	43045769
41197785	43045768
41197785	43045768
41197785	43045768
41197784	43045767
41197784	43045767
41197784	43045767
41197783	43045766
41197783	43045766
41197783	43045766
41197782	43045765
41197782	43045765
41197782	43045765
41197781	43045764
41197781	43045764
41197781	43045764
41197780	43045763
41197780	43045763
41197780	43045763
41197779	43045762
41197779	43045762
41197779	43045762
41197778	43045761
41197778	43045761
41197778	43045761
41197777	43045760
41197777	43045760
41197777	43045760
41197776	43045759
41197776	43045759
41197776	43045759
41197775	43045758
41197775	43045758
41197775	43045758
41197774	43045757
41197774	43045757
41197774	43045757
41197773	43045756
41197773	43045756
41197773	43045756
41197772	43045755
41197772	43045755
41197771	43045754
41197771	43045754
41197770	43045753
41197770	43045753
41197769	43045752
41197769	43045752
41197768	43045751
41197768	43045751
41197768	43045751
41197767	43045750
41197767	43045750
41197767	43045750
41197766	43045749
41197766	43045749
41197766	43045749
41197765	43045748
41197765	43045748
41197765	43045748
41197764	43045747
41197764	43045747
41197764	43045747
41197763	43045746
41197763	43045746
41197763	43045746
41197762	43045745
41197762	43045745
41197762	43045745
41197761	43045744
41197761	43045744
41197761	43045744
41197760	43045743
41197760	43045743
41197760	43045743
41197759	43045742
41197759	43045742
41197759	43045742
41197758	43045741
41197758	43045741
41197758	43045741
41197757	43045740
41197757	43045740
41197757	43045740
41197756	43045739
41197756	43045739
41197756	43045739
41197755	43045738
41197755	43045738
41197755	43045738
41197754	43045737
41197754	43045737
41197754	43045737
41197753	43045736
41197753	43045736
41197753	43045736
41197752	43045735
41197752	43045735
41197752	43045735
41197751	43045734
41197751	43045734
41197751	43045734
41197750	43045733
41197750	43045733
41197750	43045733
41197749	43045732
41197749	43045732
41197749	43045732
41197748	43045731
41197748	43045731
41197748	43045731
41197747	43045730
41197747	43045730
41197747	43045730
41197746	43045729
41197746	43045729
41197746	43045729
41197745	43045728
41197745	43045728
41197745	43045728
41197744	43045727
41197744	43045727
41197744	43045727
41197743	43045726
41197743	43045726
41197743	43045726
41197742	43045725
41197742	43045725
41197742	43045725
41197741	43045724
41197741	43045724
41197741	43045724
41197740	43045723
41197740	43045723
41197740	43045723
41197739	43045722
41197739	43045722
41197739	43045722
41197738	43045721
41197738	43045721
41197738	43045721
41197737	43045720
41197737	43045720
41197737	43045720
41197736	43045719
41197736	43045719
41197736	43045719
41197735	43045718
41197735	43045718
41197735	43045718
41197734	43045717
41197734	43045717
41197734	43045717
41197733	43045716
41197733	43045716
41197733	43045716
41197732	43045715
41197732	43045715
41197732	43045715
41197731	43045714
41197731	43045714
41197731	43045714
41197730	43045713
41197730	43045713
41197730	43045713
41197729	43045712
41197729	43045712
41197729	43045712
41197728	43045711
41197728	43045711
41197728	43045711
41197727	43045710
41197727	43045710
41197727	43045710
41197726	43045709
41197726	43045709
41197726	43045709
41197725	43045708
41197725	43045708
41197725	43045708
41197724	43045707
41197724	43045707
41197724	43045707
41197723	43045706
41197723	43045706
41197723	43045706
41197722	43045705
41197722	43045705
41197722	43045705